email,amount,memo
tolam@mailinator.com,1,1750407192670.9482-0
tolam@mailinator.com,1,1750407192670.6226-1
tolam@mailinator.com,1,1750407192670.2812-2
tolam@mailinator.com,1,1750407192670.6348-3
tolam@mailinator.com,1,1750407192670.4097-4
tolam@mailinator.com,1,1750407192670.6743-5
tolam@mailinator.com,1,1750407192670.666-6
tolam@mailinator.com,1,1750407192670.5-7
tolam@mailinator.com,1,1750407192670.5144-8
tolam@mailinator.com,1,1750407192670.1746-9
tolam@mailinator.com,1,1750407192670.9082-10
tolam@mailinator.com,1,1750407192670.725-11
tolam@mailinator.com,1,1750407192670.3357-12
tolam@mailinator.com,1,1750407192670.452-13
tolam@mailinator.com,1,1750407192670.6743-14
tolam@mailinator.com,1,1750407192670.333-15
tolam@mailinator.com,1,1750407192670.7014-16
tolam@mailinator.com,1,1750407192670.7212-17
tolam@mailinator.com,1,1750407192670.4937-18
tolam@mailinator.com,1,1750407192670.3306-19
tolam@mailinator.com,1,1750407192670.2107-20
tolam@mailinator.com,1,1750407192670.9941-21
tolam@mailinator.com,1,1750407192670.6687-22
tolam@mailinator.com,1,1750407192670.5796-23
tolam@mailinator.com,1,1750407192670.5476-24
tolam@mailinator.com,1,1750407192670.8413-25
tolam@mailinator.com,1,1750407192670.512-26
tolam@mailinator.com,1,1750407192670.0454-27
tolam@mailinator.com,1,1750407192670.07-28
tolam@mailinator.com,1,1750407192670.4937-29
tolam@mailinator.com,1,1750407192670.6006-30
tolam@mailinator.com,1,1750407192670.948-31
tolam@mailinator.com,1,1750407192670.6553-32
tolam@mailinator.com,1,1750407192670.2488-33
tolam@mailinator.com,1,1750407192670.047-34
tolam@mailinator.com,1,1750407192670.6318-35
tolam@mailinator.com,1,1750407192670.8188-36
tolam@mailinator.com,1,1750407192670.0354-37
tolam@mailinator.com,1,1750407192670.5457-38
tolam@mailinator.com,1,1750407192670.819-39
tolam@mailinator.com,1,1750407192670.3403-40
tolam@mailinator.com,1,1750407192670.0579-41
tolam@mailinator.com,1,1750407192670.208-42
tolam@mailinator.com,1,1750407192670.2944-43
tolam@mailinator.com,1,1750407192670.0667-44
tolam@mailinator.com,1,1750407192670.042-45
tolam@mailinator.com,1,1750407192670.2004-46
tolam@mailinator.com,1,1750407192670.0662-47
tolam@mailinator.com,1,1750407192670.6802-48
tolam@mailinator.com,1,1750407192670.153-49
tolam@mailinator.com,1,1750407192670.9563-50
tolam@mailinator.com,1,1750407192670.857-51
tolam@mailinator.com,1,1750407192670.807-52
tolam@mailinator.com,1,1750407192670.9087-53
tolam@mailinator.com,1,1750407192670.7803-54
tolam@mailinator.com,1,1750407192670.4307-55
tolam@mailinator.com,1,1750407192670.6116-56
tolam@mailinator.com,1,1750407192670.7346-57
tolam@mailinator.com,1,1750407192670.5217-58
tolam@mailinator.com,1,1750407192670.2686-59
tolam@mailinator.com,1,1750407192670.433-60
tolam@mailinator.com,1,1750407192670.0764-61
tolam@mailinator.com,1,1750407192670.5522-62
tolam@mailinator.com,1,1750407192670.6748-63
tolam@mailinator.com,1,1750407192670.0435-64
tolam@mailinator.com,1,1750407192670.4395-65
tolam@mailinator.com,1,1750407192670.9287-66
tolam@mailinator.com,1,1750407192670.1106-67
tolam@mailinator.com,1,1750407192670.0862-68
tolam@mailinator.com,1,1750407192670.261-69
tolam@mailinator.com,1,1750407192670.7288-70
tolam@mailinator.com,1,1750407192670.9878-71
tolam@mailinator.com,1,1750407192670.7197-72
tolam@mailinator.com,1,1750407192670.0022-73
tolam@mailinator.com,1,1750407192670.3171-74
tolam@mailinator.com,1,1750407192670.5469-75
tolam@mailinator.com,1,1750407192670.8257-76
tolam@mailinator.com,1,1750407192670.1155-77
tolam@mailinator.com,1,1750407192670.6897-78
tolam@mailinator.com,1,1750407192670.716-79
tolam@mailinator.com,1,1750407192670.1367-80
tolam@mailinator.com,1,1750407192670.2075-81
tolam@mailinator.com,1,1750407192670.8784-82
tolam@mailinator.com,1,1750407192670.9438-83
tolam@mailinator.com,1,1750407192670.8108-84
tolam@mailinator.com,1,1750407192670.3862-85
tolam@mailinator.com,1,1750407192670.476-86
tolam@mailinator.com,1,1750407192670.6157-87
tolam@mailinator.com,1,1750407192670.377-88
tolam@mailinator.com,1,1750407192670.4333-89
tolam@mailinator.com,1,1750407192670.4888-90
tolam@mailinator.com,1,1750407192670.9268-91
tolam@mailinator.com,1,1750407192670.344-92
tolam@mailinator.com,1,1750407192670.257-93
tolam@mailinator.com,1,1750407192670.0618-94
tolam@mailinator.com,1,1750407192670.5884-95
tolam@mailinator.com,1,1750407192670.0334-96
tolam@mailinator.com,1,1750407192670.8174-97
tolam@mailinator.com,1,1750407192670.7825-98
tolam@mailinator.com,1,1750407192670.849-99